CONUM,CONAME,MARGIN,NOTA,LOG(MAR),LOG(NOTA),PMK,LOG(PMK),3F,LOG(3F),WINPARTY,TYPE1,TYPE2,TYPE3,RECTPOS
1,Radhapuram,49,1821,1.69,3.26,501,2.7,8362,3.92,AIADMK,NOTA,PMK,ThirdFront,53
4,Kattumannarkoil(SC),87,1025,1.94,3.01,25890,4.41,48363,4.68,AIADMK,NOTA,PMK,ThirdFront,68
7,Tindivanam,101,2112,2,3.32,29848,4.47,14928,4.17,DMK,NOTA,PMK,ThirdFront,83
10,Cheyyur,304,1827,2.48,3.26,17892,4.25,17927,4.25,DMK,NOTA,PMK,ThirdFront,98
13,Kovilpatti,428,2350,2.63,3.37,1075,3.03,28512,4.46,AIADMK,NOTA,PMK,ThirdFront,113
16,Karur,441,3595,2.64,3.56,1376,3.14,6491,3.81,AIADMK,NOTA,PMK,ThirdFront,128
19,Tenkasi,462,3391,2.66,3.53,1222,3.09,7324,3.86,AIADMK,NOTA,PMK,ThirdFront,143
22,Ottapidaram,493,2612,2.69,3.42,1066,3.03,14127,4.15,AIADMK,NOTA,PMK,ThirdFront,158
25,Perambur,519,3167,2.72,3.5,3685,3.57,10281,4.01,AIADMK,NOTA,PMK,ThirdFront,173
28,Thiruvidaimarudur,532,1899,2.73,3.28,13709,4.14,10622,4.03,DMK,NOTA,PMK,ThirdFront,188
31,Tirunelveli,601,2218,2.78,3.35,1884,3.28,8640,3.94,DMK,NOTA,PMK,ThirdFront,203
34,Thirumayam,766,2114,2.88,3.33,950,2.98,5096,3.71,DMK,NOTA,PMK,ThirdFront,218
37,Paramathi-Velur,818,1658,2.91,3.22,3740,3.57,6014,3.78,DMK,NOTA,PMK,ThirdFront,233
40,Thiruporur,950,2116,2.98,3.33,28125,4.45,25539,4.41,AIADMK,NOTA,PMK,ThirdFront,248
43,Bargur,982,1382,2.99,3.14,18407,4.26,2948,3.47,AIADMK,NOTA,PMK,ThirdFront,263
46,Peravurani,995,1294,3,3.11,421,2.62,5816,3.76,AIADMK,NOTA,PMK,ThirdFront,278
49,Kadayanallur,1194,1969,3.08,3.29,1350,3.13,15858,4.2,IUML,NOTA,PMK,ThirdFront,293
52,Kinathukadavu,1332,3884,3.12,3.59,1265,3.1,8387,3.92,AIADMK,NOTA,PMK,ThirdFront,308
55,Avadi,1395,4994,3.14,3.7,12428,4.09,22848,4.36,AIADMK,NOTA,PMK,ThirdFront,323
58,Chidambaram,1506,1714,3.18,3.23,24226,4.38,23314,4.37,AIADMK,NOTA,PMK,ThirdFront,338
61,Madathukulam,1667,2147,3.22,3.33,2443,3.39,6208,3.79,DMK,NOTA,PMK,ThirdFront,353
64,Anna Nagar,1687,4048,3.23,3.61,5619,3.75,6491,3.81,DMK,NOTA,PMK,ThirdFront,368
67,Ariyalur,2043,1896,3.31,3.28,13529,4.13,13599,4.13,AIADMK,NOTA,PMK,ThirdFront,383
70,Pudukkottai,2084,1637,3.32,3.21,667,2.82,7810,3.89,DMK,NOTA,PMK,ThirdFront,398
73,Natham,2110,1844,3.32,3.27,1155,3.06,9373,3.97,DMK,NOTA,PMK,ThirdFront,413
76,Tittagudi (SC),2212,1957,3.34,3.29,11438,4.06,14657,4.17,DMK,NOTA,PMK,ThirdFront,428
79,Modakkurichi,2222,2715,3.35,3.43,2809,3.45,4853,3.69,AIADMK,NOTA,PMK,ThirdFront,443
82,Gangavalli,2262,1766,3.35,3.25,10715,4.03,7114,3.85,AIADMK,NOTA,PMK,ThirdFront,458
85,Aranthangi,2291,775,3.36,2.89,626,2.8,6341,3.8,AIADMK,NOTA,PMK,ThirdFront,473
88,Virugampakkam,2333,3897,3.37,3.59,3945,3.6,9730,3.99,AIADMK,NOTA,PMK,ThirdFront,488
91,Uthangarai,2613,1717,3.42,3.23,23500,4.37,12669,4.1,AIADMK,NOTA,PMK,ThirdFront,503
94,Virudhunagar,2870,2835,3.46,3.45,556,2.75,10127,4.01,DMK,NOTA,PMK,ThirdFront,518
97,Madurantakam,2957,1525,3.47,3.18,16215,4.21,11773,4.07,DMK,NOTA,PMK,ThirdFront,533
100,Gandharvakottai,3047,1556,3.48,3.19,530,2.72,13918,4.14,AIADMK,NOTA,PMK,ThirdFront,548
103,Panruti,3128,1988,3.5,3.3,18666,4.27,18409,4.27,AIADMK,NOTA,PMK,ThirdFront,563
106,Thiyagarayanagar,3155,3570,3.5,3.55,5071,3.71,6210,3.79,AIADMK,NOTA,PMK,ThirdFront,578
109,Thiru-Vi-Ka-Nagar,3322,2685,3.52,3.43,2056,3.31,5702,3.76,DMK,NOTA,PMK,ThirdFront,593
112,Tiruchengodu,3390,2279,3.53,3.36,2012,3.3,6688,3.83,AIADMK,NOTA,PMK,ThirdFront,608
115,Srivaikuntam,3531,1457,3.55,3.16,806,2.91,6203,3.79,AIADMK,NOTA,PMK,ThirdFront,623
118,Orathanadu,3645,1882,3.56,3.27,1444,3.16,6351,3.8,DMK,NOTA,PMK,ThirdFront,638
121,Coonoor,3710,2283,3.57,3.36,469,2.67,3989,3.6,AIADMK,NOTA,PMK,ThirdFront,653
124,Lalgudi,3837,1953,3.58,3.29,745,2.87,6784,3.83,DMK,NOTA,PMK,ThirdFront,668
127,Kallakurichi,4104,3008,3.61,3.48,9736,3.99,17492,4.24,AIADMK,NOTA,PMK,ThirdFront,683
130,Arakkonam,4161,2049,3.62,3.31,20130,4.3,5213,3.72,AIADMK,NOTA,PMK,ThirdFront,698
133,Ulundurpettai,4164,829,3.62,2.92,20233,4.31,34447,4.54,AIADMK,NOTA,PMK,ThirdFront,713
136,Sattur,4427,1455,3.65,3.16,768,2.89,25442,4.41,AIADMK,NOTA,PMK,ThirdFront,728
139,Alangulam,4754,2089,3.68,3.32,674,2.83,7784,3.89,DMK,NOTA,PMK,ThirdFront,743
142,Mayiladuthurai,4778,1688,3.68,3.23,13115,4.12,12294,4.09,AIADMK,NOTA,PMK,ThirdFront,758
145,Rajapalayam,4802,2290,3.68,3.36,1073,3.03,12505,4.1,DMK,NOTA,PMK,ThirdFront,773
148,Harbour,4836,2101,3.68,3.32,1011,3,1970,3.29,DMK,NOTA,PMK,ThirdFront,788
151,Thiruvottiyur,4863,2917,3.69,3.46,4025,3.6,13463,4.13,DMK,NOTA,PMK,ThirdFront,803
154,Krishnagiri,4891,1855,3.69,3.27,15736,4.2,4199,3.62,DMK,NOTA,PMK,ThirdFront,818
157,Erode (West),4906,3403,3.69,3.53,3000,3.48,6624,3.82,AIADMK,NOTA,PMK,ThirdFront,833
160,Thiruvallur,5138,1418,3.71,3.15,31935,4.5,7006,3.85,DMK,NOTA,PMK,ThirdFront,848
163,Singanallur,5180,3732,3.71,3.57,2865,3.46,11035,4.04,DMK,NOTA,PMK,ThirdFront,863
166,Veppanahalli,5228,1482,3.72,3.17,5476,3.74,4656,3.67,DMK,NOTA,PMK,ThirdFront,878
169,Anthiyur,5312,1546,3.73,3.19,11570,4.06,5828,3.77,AIADMK,NOTA,PMK,ThirdFront,893
172,Bhuvanagiri,5488,1132,3.74,3.05,33681,4.53,33662,4.53,DMK,NOTA,PMK,ThirdFront,908
175,Udumalaipettai,5687,3306,3.75,3.52,1975,3.3,7090,3.85,AIADMK,NOTA,PMK,ThirdFront,923
178,Madurai Central,5762,2683,3.76,3.43,1007,3,11235,4.05,DMK,NOTA,PMK,ThirdFront,938
181,Kanniyakumari,5912,1570,3.77,3.2,712,2.85,6914,3.84,DMK,NOTA,PMK,ThirdFront,953
184,Palacode,5983,1880,3.78,3.27,31612,4.5,4915,3.69,AIADMK,NOTA,PMK,ThirdFront,968
187,Thalli,6245,2450,3.8,3.39,5253,3.72,68184,4.83,DMK,NOTA,PMK,ThirdFront,983
190,Mettur,6282,1829,3.8,3.26,49939,4.7,5892,3.77,AIADMK,NOTA,PMK,ThirdFront,998
193,Sivaganga,6636,1530,3.82,3.18,1284,3.11,15114,4.18,AIADMK,NOTA,PMK,ThirdFront,1013
196,Perambalur,6853,3040,3.84,3.48,4222,3.63,11482,4.06,AIADMK,NOTA,PMK,ThirdFront,1028
199,Vikravandi,6912,1385,3.84,3.14,41428,4.62,9981,4,DMK,NOTA,PMK,ThirdFront,1043
202,Salem (West),7247,3107,3.86,3.49,29982,4.48,8962,3.95,AIADMK,NOTA,PMK,ThirdFront,1058
205,Arani,7327,1749,3.86,3.24,12877,4.11,7025,3.85,AIADMK,NOTA,PMK,ThirdFront,1073
208,Manachanallur,7522,2274,3.88,3.36,1212,3.08,8193,3.91,AIADMK,NOTA,PMK,ThirdFront,1088
211,Kancheepuram,7548,3645,3.88,3.56,30102,4.48,8986,3.95,DMK,NOTA,PMK,ThirdFront,1103
214,Tirupattur,7647,1193,3.88,3.08,12227,4.09,3968,3.6,DMK,NOTA,PMK,ThirdFront,1118
217,Coimbatore (North),7724,4574,3.89,3.66,2196,3.34,12153,4.08,AIADMK,NOTA,PMK,ThirdFront,1133
220,Erode (East),7794,3096,3.89,3.49,2111,3.32,6776,3.83,AIADMK,NOTA,PMK,ThirdFront,1148
223,Ranipet,7896,2121,3.9,3.33,23850,4.38,5906,3.77,DMK,NOTA,PMK,ThirdFront,1163
226,Kavundampalayam,8025,5274,3.9,3.72,2533,3.4,16874,4.23,AIADMK,NOTA,PMK,ThirdFront,1178
229,Royapuram,8031,2348,3.9,3.37,2126,3.33,3191,3.5,AIADMK,NOTA,PMK,ThirdFront,1193
232,Valparai,8244,2206,3.92,3.34,580,2.76,3494,3.54,AIADMK,NOTA,PMK,ThirdFront,1208
235,Polur,8273,1230,3.92,3.09,17184,4.24,5000,3.7,DMK,NOTA,PMK,ThirdFront,1223
238,Maduravoyal,8402,6655,3.92,3.82,17328,4.24,19612,4.29,AIADMK,NOTA,PMK,ThirdFront,1238
241,Viralimalai,8447,974,3.93,2.99,415,2.62,2979,3.47,AIADMK,NOTA,PMK,ThirdFront,1253
244,Kumbakonam,8457,2593,3.93,3.41,8048,3.91,8098,3.91,DMK,NOTA,PMK,ThirdFront,1268
247,Cheyyar,8527,2248,3.93,3.35,37491,4.57,10855,4.04,AIADMK,NOTA,PMK,ThirdFront,1283
250,Tiruvadanai,8696,939,3.94,2.97,522,2.72,4913,3.69,AIADMK,NOTA,PMK,ThirdFront,1298
253,Anaikattu,8768,1237,3.94,3.09,24711,4.39,2633,3.42,DMK,NOTA,PMK,ThirdFront,1313
256,Thousand Lights,8829,3633,3.95,3.56,3968,3.6,7805,3.89,DMK,NOTA,PMK,ThirdFront,1328
259,Velachery,8872,4225,3.95,3.63,6809,3.83,9654,3.98,DMK,NOTA,PMK,ThirdFront,1343
262,Sirkazhi,9003,1360,3.95,3.13,14890,4.17,12060,4.08,AIADMK,NOTA,PMK,ThirdFront,1358
265,Villivakkam,9321,3409,3.97,3.53,4193,3.62,8234,3.92,DMK,NOTA,PMK,ThirdFront,1373
268,Rasipuram,9631,2795,3.98,3.45,6952,3.84,4341,3.64,AIADMK,NOTA,PMK,ThirdFront,1388
271,Dharmapuri,9676,2251,3.99,3.35,56727,4.75,9348,3.97,DMK,NOTA,PMK,ThirdFront,1403
274,Sholingur,9732,1691,3.99,3.23,50827,4.71,6167,3.79,AIADMK,NOTA,PMK,ThirdFront,1418
277,Kilvaithinankuppam,9746,1990,3.99,3.3,13046,4.12,4170,3.62,AIADMK,NOTA,PMK,ThirdFront,1433
280,Salem (North),9873,4009,3.99,3.6,7975,3.9,4157,3.62,DMK,NOTA,PMK,ThirdFront,1448
283,Mannargudi,9937,1774,4,3.25,1983,3.3,5966,3.78,DMK,NOTA,PMK,ThirdFront,1463
286,Alangudi,9941,1068,4,3.03,5514,3.74,11387,4.06,DMK,NOTA,PMK,ThirdFront,1478
289,Dharapuram (SC),10017,2883,4,3.46,1515,3.18,7029,3.85,INC,NOTA,PMK,ThirdFront,1493
292,Kilvelur,10170,1049,4.01,3.02,2637,3.42,16499,4.22,DMK,NOTA,PMK,ThirdFront,1508
295,Vanur,10223,1430,4.01,3.16,27240,4.44,23873,4.38,AIADMK,NOTA,PMK,ThirdFront,1523
298,Udhagamandalam,10418,2912,4.02,3.46,781,2.89,3111,3.49,INC,NOTA,PMK,ThirdFront,1538
301,Egmore,10679,2840,4.03,3.45,1814,3.26,6321,3.8,DMK,NOTA,PMK,ThirdFront,1553
304,Sriperumbudur,10716,2956,4.03,3.47,18185,4.26,13679,4.14,AIADMK,NOTA,PMK,ThirdFront,1568
307,Jolarpet,10991,1483,4.04,3.17,17516,4.24,3509,3.55,AIADMK,NOTA,PMK,ThirdFront,1583
310,Arcot,11091,2004,4.04,3.3,35043,4.54,5387,3.73,DMK,NOTA,PMK,ThirdFront,1598
313,Cumbum,11221,2219,4.05,3.35,763,2.88,10149,4.01,AIADMK,NOTA,PMK,ThirdFront,1613
316,Gobichettipalayam,11223,2751,4.05,3.44,1045,3.02,7531,3.88,AIADMK,NOTA,PMK,ThirdFront,1628
319,Paramakudi,11389,1598,4.06,3.2,690,2.84,3780,3.58,AIADMK,NOTA,PMK,ThirdFront,1643
322,Harur,11421,2092,4.06,3.32,27747,4.44,33632,4.53,AIADMK,NOTA,PMK,ThirdFront,1658
325,Gudiyattam,11470,2241,4.06,3.35,7505,3.88,3140,3.5,AIADMK,NOTA,PMK,ThirdFront,1673
328,Poonamallee,11763,3265,4.07,3.51,15827,4.2,15051,4.18,AIADMK,NOTA,PMK,ThirdFront,1688
331,Kulithalai,11896,1906,4.08,3.28,870,2.94,6726,3.83,DMK,NOTA,PMK,ThirdFront,1703
334,Uthiramerur,12156,1647,4.08,3.22,24221,4.38,9184,3.96,DMK,NOTA,PMK,ThirdFront,1718
337,Mailam,12306,1722,4.09,3.24,25711,4.41,10866,4.04,DMK,NOTA,PMK,ThirdFront,1733
340,Senthamangalam,12333,2664,4.09,3.43,2447,3.39,5609,3.75,AIADMK,NOTA,PMK,ThirdFront,1748
343,Pattukkottai,12358,1541,4.09,3.19,3607,3.56,11231,4.05,AIADMK,NOTA,PMK,ThirdFront,1763
346,Chengam,12691,1403,4.1,3.15,15114,4.18,8007,3.9,DMK,NOTA,PMK,ThirdFront,1778
349,Pappireddippatti,12713,1467,4.1,3.17,61521,4.79,9441,3.98,AIADMK,NOTA,PMK,ThirdFront,1793
352,Perundurai,12771,1991,4.11,3.3,1498,3.18,6304,3.8,AIADMK,NOTA,PMK,ThirdFront,1808
355,Bhavanisagar,13104,2980,4.12,3.47,1485,3.17,27965,4.45,AIADMK,NOTA,PMK,ThirdFront,1823
358,Kangayam,13135,3141,4.12,3.5,1544,3.19,12108,4.08,AIADMK,NOTA,PMK,ThirdFront,1838
361,Ambasamudram,13166,2041,4.12,3.31,1310,3.12,13690,4.14,AIADMK,NOTA,PMK,ThirdFront,1853
364,Thiruthuraipoondi,13250,1768,4.12,3.25,2005,3.3,33038,4.52,DMK,NOTA,PMK,ThirdFront,1868
367,Mudhukulathur,13348,1059,4.13,3.02,1133,3.05,8800,3.94,INC,NOTA,PMK,ThirdFront,1883
370,Pollachi,13368,2254,4.13,3.35,747,2.87,4893,3.69,AIADMK,NOTA,PMK,ThirdFront,1898
373,Gudalur,13379,1825,4.13,3.26,684,2.84,9044,3.96,DMK,NOTA,PMK,ThirdFront,1913
376,Namakkal,13534,3828,4.13,3.58,2751,3.44,4341,3.64,AIADMK,NOTA,PMK,ThirdFront,1928
379,Vridhachalam,13777,2255,4.14,3.35,29340,4.47,18563,4.27,AIADMK,NOTA,PMK,ThirdFront,1943
382,Chepauk-Thiruvallikeni,14164,3494,4.15,3.54,2511,3.4,5507,3.74,DMK,NOTA,PMK,ThirdFront,1958
385,Thiruvaiyaru,14343,1987,4.16,3.3,1571,3.2,8604,3.93,DMK,NOTA,PMK,ThirdFront,1973
388,Periyakulam,14350,2275,4.16,3.36,1025,3.01,13525,4.13,AIADMK,NOTA,PMK,ThirdFront,1988
391,Srirangam,14409,4110,4.16,3.61,1548,3.19,5646,3.75,AIADMK,NOTA,PMK,ThirdFront,2003
394,Tambaram,14445,5007,4.16,3.7,7631,3.88,14559,4.16,DMK,NOTA,PMK,ThirdFront,2018
397,Veerapandi,14481,2828,4.16,3.45,17218,4.24,6483,3.81,AIADMK,NOTA,PMK,ThirdFront,2033
400,Sankarankovil,14489,2259,4.16,3.35,645,2.81,20807,4.32,AIADMK,NOTA,PMK,ThirdFront,2048
403,Vaniyambadi,14526,1774,4.16,3.25,9283,3.97,21090,4.32,AIADMK,NOTA,PMK,ThirdFront,2063
406,Sankarapuram,14528,1032,4.16,3.01,13612,4.13,13343,4.13,DMK,NOTA,PMK,ThirdFront,2078
409,Mylapore,14728,3788,4.17,3.58,5806,3.76,4753,3.68,AIADMK,NOTA,PMK,ThirdFront,2093
412,Sivakasi,14748,2704,4.17,3.43,1350,3.13,17379,4.24,AIADMK,NOTA,PMK,ThirdFront,2108
415,Nilakkottai,14776,1819,4.17,3.26,2201,3.34,7666,3.88,AIADMK,NOTA,PMK,ThirdFront,2123
418,Manamadurai,14889,2193,4.17,3.34,647,2.81,7493,3.87,AIADMK,NOTA,PMK,ThirdFront,2138
421,Shozhinganallur,14913,7332,4.17,3.87,15595,4.19,15129,4.18,DMK,NOTA,PMK,ThirdFront,2153
424,Madavaram,15253,4291,4.18,3.63,14245,4.15,9383,3.97,DMK,NOTA,PMK,ThirdFront,2168
427,Bodinayakanur,15608,1966,4.19,3.29,405,2.61,6889,3.84,AIADMK,NOTA,PMK,ThirdFront,2183
430,Palayamkottai,15872,2947,4.2,3.47,1315,3.12,12593,4.1,DMK,NOTA,PMK,ThirdFront,2198
433,Tiruppur (South),15933,2445,4.2,3.39,1093,3.04,13597,4.13,AIADMK,NOTA,PMK,ThirdFront,2213
436,Mettuppalayam,16114,3408,4.21,3.53,1870,3.27,13324,4.12,AIADMK,NOTA,PMK,ThirdFront,2228
439,Saidapet,16255,3541,4.21,3.55,5913,3.77,5221,3.72,DMK,NOTA,PMK,ThirdFront,2243
442,Madurai West,16398,2759,4.21,3.44,927,2.97,19991,4.3,AIADMK,NOTA,PMK,ThirdFront,2258
445,Thiruverumbur,16695,2676,4.22,3.43,1498,3.18,13155,4.12,DMK,NOTA,PMK,ThirdFront,2273
448,Nanguneri,17315,1399,4.24,3.15,660,2.82,9446,3.98,INC,NOTA,PMK,ThirdFront,2288
451,Attur,17334,2742,4.24,3.44,18363,4.26,8532,3.93,AIADMK,NOTA,PMK,ThirdFront,2303
454,Yercaud,17394,3136,4.24,3.5,17998,4.26,10455,4.02,AIADMK,NOTA,PMK,ThirdFront,2318
457,Coimbatore (South),17419,3331,4.24,3.52,1111,3.05,7248,3.86,AIADMK,NOTA,PMK,ThirdFront,2333
460,Ambattur,17498,5603,4.24,3.75,16635,4.22,16631,4.22,AIADMK,NOTA,PMK,ThirdFront,2348
463,Neyveli,17791,1710,4.25,3.23,19749,4.3,12674,4.1,DMK,NOTA,PMK,ThirdFront,2363
466,Aruppukkottai,18054,2509,4.26,3.4,817,2.91,9817,3.99,DMK,NOTA,PMK,ThirdFront,2378
469,Vandavasi,18068,2421,4.26,3.38,24277,4.39,7745,3.89,DMK,NOTA,PMK,ThirdFront,2393
472,Manapparai,18277,3364,4.26,3.53,826,2.92,26316,4.42,AIADMK,NOTA,PMK,ThirdFront,2408
475,Karaikudi,18283,2688,4.26,3.43,897,2.95,14279,4.15,INC,NOTA,PMK,ThirdFront,2423
478,Pennagaram,18446,2081,4.27,3.32,58402,4.77,5624,3.75,DMK,NOTA,PMK,ThirdFront,2438
481,Vilathikulam,18718,1581,4.27,3.2,560,2.75,15030,4.18,AIADMK,NOTA,PMK,ThirdFront,2453
484,Vasudevanallur,18758,2763,4.27,3.44,1198,3.08,13735,4.14,AIADMK,NOTA,PMK,ThirdFront,2468
487,Kunnam,18796,3024,4.27,3.48,37271,4.57,19853,4.3,AIADMK,NOTA,PMK,ThirdFront,2483
490,Madurai North,18839,3479,4.28,3.54,2039,3.31,17732,4.25,AIADMK,NOTA,PMK,ThirdFront,2498
493,Alandur,19169,4727,4.28,3.67,7194,3.86,12291,4.09,DMK,NOTA,PMK,ThirdFront,2513
496,Ponneri,19336,2284,4.29,3.36,9586,3.98,5566,3.75,AIADMK,NOTA,PMK,ThirdFront,2528
499,Melur,19723,757,4.29,2.88,746,2.87,4579,3.66,AIADMK,NOTA,PMK,ThirdFront,2543
502,Poompuhar,19935,1478,4.3,3.17,16241,4.21,14806,4.17,AIADMK,NOTA,PMK,ThirdFront,2558
505,Vedasandur,19938,2256,4.3,3.35,480,2.68,12445,4.09,AIADMK,NOTA,PMK,ThirdFront,2573
508,Omalur,19956,1739,4.3,3.24,48721,4.69,9744,3.99,AIADMK,NOTA,PMK,ThirdFront,2588
511,Rishivandiyam,20503,867,4.31,2.94,8148,3.91,14239,4.15,DMK,NOTA,PMK,ThirdFront,2603
514,Nagapattinam,20550,996,4.31,3,1036,3.02,11088,4.04,AIADMK,NOTA,PMK,ThirdFront,2618
517,Dindigul,20719,2783,4.32,3.44,2718,3.43,8657,3.94,AIADMK,NOTA,PMK,ThirdFront,2633
520,Thoothukkudi,20908,3177,4.32,3.5,1069,3.03,17798,4.25,DMK,NOTA,PMK,ThirdFront,2648
523,Nagercoil,20956,1802,4.32,3.26,527,2.72,5803,3.76,DMK,NOTA,PMK,ThirdFront,2663
526,Nannilam,21276,2182,4.33,3.34,5060,3.7,11327,4.05,AIADMK,NOTA,PMK,ThirdFront,2678
529,Tiruchirappalli (East),21894,4329,4.34,3.64,1866,3.27,9694,3.99,AIADMK,NOTA,PMK,ThirdFront,2693
532,Gingee,22057,2326,4.34,3.37,28515,4.46,10672,4.03,DMK,NOTA,PMK,ThirdFront,2708
535,Pallavaram,22165,5823,4.35,3.77,9339,3.97,14083,4.15,DMK,NOTA,PMK,ThirdFront,2723
538,Villupuram,22291,1701,4.35,3.23,36456,4.56,24907,4.4,AIADMK,NOTA,PMK,ThirdFront,2738
541,Jayankondam,22934,1950,4.36,3.29,52738,4.72,21405,4.33,AIADMK,NOTA,PMK,ThirdFront,2753
544,Hosur,22964,3445,4.36,3.54,10309,4.01,7780,3.89,AIADMK,NOTA,PMK,ThirdFront,2768
547,Thiruparankundram,22992,3111,4.36,3.49,1237,3.09,15275,4.18,AIADMK,NOTA,PMK,ThirdFront,2783
550,Vedaranyam,22998,1206,4.36,3.08,2081,3.32,4594,3.66,AIADMK,NOTA,PMK,ThirdFront,2798
553,Tiruttani,23141,2076,4.36,3.32,29596,4.47,15648,4.19,AIADMK,NOTA,PMK,ThirdFront,2813
556,Gummidipoondi,23395,1484,4.37,3.17,43055,4.63,6585,3.82,AIADMK,NOTA,PMK,ThirdFront,2828
559,Thirumangalam,23590,1572,4.37,3.2,843,2.93,20589,4.31,AIADMK,NOTA,PMK,ThirdFront,2843
562,Madurai South,23763,2918,4.38,3.47,864,2.94,19443,4.29,AIADMK,NOTA,PMK,ThirdFront,2858
565,Katpadi,23946,2492,4.38,3.4,12728,4.1,2163,3.34,DMK,NOTA,PMK,ThirdFront,2873
568,Papanasam,24365,1911,4.39,3.28,4963,3.7,18599,4.27,AIADMK,NOTA,PMK,ThirdFront,2888
571,Cuddalore,24413,2062,4.39,3.31,16905,4.23,20608,4.31,AIADMK,NOTA,PMK,ThirdFront,2903
574,Sholavandan,24857,1930,4.4,3.29,857,2.93,7357,3.87,AIADMK,NOTA,PMK,ThirdFront,2918
577,Bhavani,24887,2716,4.4,3.43,20727,4.32,6927,3.84,AIADMK,NOTA,PMK,ThirdFront,2933
580,Palani,25586,1460,4.41,3.16,490,2.69,9687,3.99,DMK,NOTA,PMK,ThirdFront,2948
583,Tiruchendur,26001,1814,4.41,3.26,578,2.76,6330,3.8,DMK,NOTA,PMK,ThirdFront,2963
586,Colachel,26028,1593,4.42,3.2,772,2.89,12909,4.11,INC,NOTA,PMK,ThirdFront,2978
589,Vellore,26210,2400,4.42,3.38,5185,3.71,2590,3.41,DMK,NOTA,PMK,ThirdFront,2993
592,Chengalpattu,26292,3584,4.42,3.55,20899,4.32,17438,4.24,DMK,NOTA,PMK,ThirdFront,3008
595,Kalasapakkam,26414,1510,4.42,3.18,23825,4.38,9932,4,AIADMK,NOTA,PMK,ThirdFront,3023
598,Tiruchuli,26577,1328,4.42,3.12,260,2.41,5799,3.76,DMK,NOTA,PMK,ThirdFront,3038
601,Athoor,27147,2105,4.43,3.32,671,2.83,3741,3.57,DMK,NOTA,PMK,ThirdFront,3053
604,Ambur,28006,1632,4.45,3.21,4643,3.67,7043,3.85,AIADMK,NOTA,PMK,ThirdFront,3068
607,Kurinjipadi,28108,1541,4.45,3.19,22705,4.36,21063,4.32,DMK,NOTA,PMK,ThirdFront,3083
610,Tiruchirappalli (West),28415,4100,4.45,3.61,1780,3.25,11469,4.06,DMK,NOTA,PMK,ThirdFront,3098
613,Andipatti,30196,1909,4.48,3.28,817,2.91,10776,4.03,AIADMK,NOTA,PMK,ThirdFront,3113
616,Salem (South),30453,4121,4.48,3.62,6325,3.8,3983,3.6,AIADMK,NOTA,PMK,ThirdFront,3128
619,Avanashi (SC),30674,3534,4.49,3.55,1480,3.17,15016,4.18,AIADMK,NOTA,PMK,ThirdFront,3143
622,Musiri,32087,2485,4.51,3.4,1423,3.15,8581,3.93,AIADMK,NOTA,PMK,ThirdFront,3158
625,Palladam,32174,3904,4.51,3.59,2292,3.36,14841,4.17,AIADMK,NOTA,PMK,ThirdFront,3173
628,Madurai East,32772,3246,4.52,3.51,1113,3.05,11599,4.06,DMK,NOTA,PMK,ThirdFront,3188
631,Usilampatti,32906,1672,4.52,3.22,619,2.79,7079,3.85,AIADMK,NOTA,PMK,ThirdFront,3203
634,Vilavancode,33143,1149,4.52,3.06,398,2.6,25821,4.41,INC,NOTA,PMK,ThirdFront,3218
637,Kilpennathur,34666,1164,4.54,3.07,20737,4.32,4613,3.66,DMK,NOTA,PMK,ThirdFront,3233
640,Krishnarayapuram,35301,4742,4.55,3.68,1327,3.12,10043,4,AIADMK,NOTA,PMK,ThirdFront,3248
643,Sulur,36631,3679,4.56,3.57,1687,3.23,13106,4.12,AIADMK,NOTA,PMK,ThirdFront,3263
646,Srivilliputhur,36673,2166,4.56,3.34,1119,3.05,19415,4.29,AIADMK,NOTA,PMK,ThirdFront,3278
649,Sankari,37374,2934,4.57,3.47,37927,4.58,5633,3.75,AIADMK,NOTA,PMK,ThirdFront,3293
652,Kolathur,37730,3554,4.58,3.55,3022,3.48,6276,3.8,DMK,NOTA,PMK,ThirdFront,3308
655,Tiruppur (North),37774,3447,4.58,3.54,1750,3.24,20061,4.3,AIADMK,NOTA,PMK,ThirdFront,3323
658,Dr.Radhakrishnan Nagar,39545,2873,4.6,3.46,3011,3.48,4195,3.62,AIADMK,NOTA,PMK,ThirdFront,3338
661,Padmanabhapuram,40905,1359,4.61,3.13,410,2.61,13185,4.12,DMK,NOTA,PMK,ThirdFront,3353
664,Tirukkoyilur,41057,2110,4.61,3.32,18822,4.27,15045,4.18,DMK,NOTA,PMK,ThirdFront,3368
667,Tiruppattur,42004,1939,4.62,3.29,706,2.85,7380,3.87,DMK,NOTA,PMK,ThirdFront,3383
670,Edappadi,42022,1913,4.62,3.28,56681,4.75,5437,3.74,AIADMK,NOTA,PMK,ThirdFront,3398
673,Killiyoor,46295,1142,4.67,3.06,615,2.79,13704,4.14,INC,NOTA,PMK,ThirdFront,3413
676,Kumarapalayam,47329,2994,4.68,3.48,2773,3.44,9784,3.99,AIADMK,NOTA,PMK,ThirdFront,3428
679,Tiruvannamalai,50348,1803,4.7,3.26,7916,3.9,5075,3.71,DMK,NOTA,PMK,ThirdFront,3443
682,Thondamuthur,64041,3248,4.81,3.51,1315,3.12,7968,3.9,AIADMK,NOTA,PMK,ThirdFront,3458
685,Oddanchatram,65727,1274,4.82,3.11,367,2.56,3684,3.57,DMK,NOTA,PMK,ThirdFront,3473
688,Thiruvarur,68366,2177,4.83,3.34,1787,3.25,13158,4.12,DMK,NOTA,PMK,ThirdFront,3488
